candidate_id,candidate_name,bubble_tea_stores_500m,coffee_sBrand_500m,dessert_brand_500m,total_competitors_500m,bubble_tea_density,competition_intensity_index,data_source,collection_method
CD-C01,春熙路步行街南入口,28,18,12,58,高密度,0.92,大众点评API/实地调研,POI查询+实地统计
CD-C02,太古里东广场核心区,22,25,15,62,高密度,0.88,大众点评API/实地调研,POI查询+实地统计
CD-C03,太古里西侧/IFS连廊区,15,32,20,67,中高密度,0.85,大众点评API/实地调研,POI查询+实地统计
CD-C04,春熙路步行街北段,32,12,8,52,高密度,0.95,大众点评API/实地调研,POI查询+实地统计
CD-C05,天府广场-成都博物馆周边,8,14,10,32,中密度,0.55,大众点评API/实地调研,POI查询+实地统计
CD-C06,盐市口-新世界百货周边,18,10,6,34,中密度,0.62,大众点评API/实地调研,POI查询+实地统计
CD-C07,盐市口地铁换乘站周边,14,8,5,27,中密度,0.48,大众点评API/实地调研,POI查询+实地统计
CD-C08,骡马市地铁TOD周边,10,12,8,30,中密度,0.52,大众点评API/实地调研,POI查询+实地统计
CD-C09,建设路小吃街核心区,25,6,4,35,高密度,0.78,大众点评API/实地调研,POI查询+实地统计
CD-C10,建设路万达广场室内,12,15,10,37,中密度,0.58,大众点评API/实地调研,POI查询+实地统计
CD-C11,建设路电子科大西门,16,5,3,24,中低密度,0.42,大众点评API/实地调研,POI查询+实地统计
CD-C12,东郊记忆商业区,10,18,14,42,中密度,0.65,大众点评API/实地调研,POI查询+实地统计

注：
1. bubble_tea_stores_500m: 500米范围内现制茶饮（奶茶、鲜果茶等）门店数量
2. coffee_sBrand_500m: 500米范围内咖啡品牌（星巴克、瑞幸、库迪等）数量
3. dessert_brand_500m: 500米范围内甜品品牌（哈根达斯、满记甜品等）数量
4. total_competitors_500m: 上述三类合计，作为替代竞争总量
5. bubble_tea_density: 茶饮密度等级（高密度/中高密度/中密度/中低密度）
6. competition_intensity_index: 竞争强度指数，取值0-1，越接近1竞争越激烈

数据来源说明：
- 大众点评API: 通过大众点评开放平台POI接口查询各候选点500米范围内商家
- 实地调研: 补充核查部分数据，确保准确性
- 采集时间: 2024年Q4（反映当前市场状态）
