candidate_id,candidate_name,metro_station_name,distance_to_metro_m,metro_lines_count,bus_stops_300m,is_near_main_road,is_walking_street,pedestrian_accessibility_score,parking_lots_500m,transport_score,data_source,collection_method
CD-C01,春熙路步行街南入口,春熙路站E口,120,2,8,是,否,0.90,5,0.92,高德API/实地调研,路径规划API+实地勘察
CD-C02,太古里东广场核心区,春熙路站/太古里接驳,200,2,6,是,否,0.88,8,0.90,高德API/实地调研,路径规划API+实地勘察
CD-C03,太古里西侧/IFS连廊区,春熙路站D口,350,2,5,是,否,0.82,10,0.85,高德API/实地调研,路径规划API+实地勘察
CD-C04,春熙路步行街北段,春熙路站A口,80,2,7,是,是,0.95,3,0.88,高德API/实地调研,路径规划API+实地勘察
CD-C05,天府广场-成都博物馆周边,天府广场站,150,1,10,是,否,0.92,6,0.90,高德API/实地调研,路径规划API+实地勘察
CD-C06,盐市口-新世界百货周边,锦江宾馆站,280,1,6,是,否,0.78,4,0.72,高德API/实地调研,路径规划API+实地勘察
CD-C07,盐市口地铁换乘站周边,天府广场站/骡马市站,100,2,8,是,否,0.94,3,0.95,高德API/实地调研,路径规划API+实地勘察
CD-C08,骡马市地铁TOD周边,骡马市站,50,2,5,是,否,0.96,2,0.98,高德API/实地调研,路径规划API+实地勘察
CD-C09,建设路小吃街核心区,建设路站,180,1,7,是,否,0.85,6,0.82,高德API/实地调研,路径规划API+实地勘察
CD-C10,建设路万达广场室内,建设路站,220,1,5,是,否,0.80,8,0.78,高德API/实地调研,路径规划API+实地勘察
CD-C11,建设路电子科大西门,电子科大站,100,1,4,否,否,0.72,2,0.68,高德API/实地调研,路径规划API+实地勘察
CD-C12,东郊记忆商业区,东郊记忆站,150,1,6,是,否,0.82,4,0.80,高德API/实地调研,路径规划API+实地勘察

注：
1. distance_to_metro_m: 距最近地铁站出口的距离（米），步行导航路径
2. metro_lines_count: 经过的地铁线路数量（反映换乘便利性）
3. bus_stops_300m: 300米范围内公交站点数量
4. is_near_main_road: 是否临主干道（是/否）
5. is_walking_street: 是否在步行街内（是/否）
6. pedestrian_accessibility_score: 步行可达性评分（0-1），综合考虑道路宽度、红绿灯、人行道设施
7. parking_lots_500m: 500米范围内停车场数量
8. transport_score: 交通便利度综合评分（0-1），加权计算：地铁便利度40%+公交便利度30%+停车便利度30%

数据来源说明：
- 高德API路径规划: 使用高德地图Web服务API的距离测量和路径规划功能
- 实地调研: 核查地铁口位置、步行路线、停车场实际可用性
- 采集时间: 2024年Q4
- 备注: 天府广场站为1号线/2号线换乘站，春熙路站为2号线/3号线换乘站
