candidate_id,candidate_name,rent_min_yuan_sqm_month,rent_max_yuan_sqm_month,rent_avg_yuan_sqm_month,available_area_min_sqm,available_area_max_sqm,rent_to_sales_ratio,lease_term_years,cost_effectiveness_score,data_source,collection_method
CD-C01,春熙路步行街南入口,280,420,350,30,120,0.18,3-5年,0.65,商业地产数据平台/实地调研,58同城+贝壳+实地询价
CD-C02,太古里东广场核心区,350,550,450,40,200,0.16,5年起,0.70,商业地产数据平台/实地调研,仲量联行+实地询价
CD-C03,太古里西侧/IFS连廊区,400,800,600,50,300,0.15,5-10年,0.72,商业地产数据平台/实地调研,仲量联行+IFS招商
CD-C04,春熙路步行街北段,300,450,380,25,100,0.19,3-5年,0.62,商业地产数据平台/实地调研,58同城+实地询价
CD-C05,天府广场-成都博物馆周边,180,280,230,50,200,0.14,3-5年,0.85,商业地产数据平台/实地调研,仲量联行+实地询价
CD-C06,盐市口-新世界百货周边,150,250,200,40,150,0.16,3年,0.80,商业地产数据平台/实地调研,新世界百货招商+实地询价
CD-C07,盐市口地铁换乘站周边,200,320,260,30,100,0.15,3-5年,0.78,商业地产数据平台/实地调研,地铁商业+实地询价
CD-C08,骡马市地铁TOD周边,160,280,220,35,120,0.13,5年起,0.88,商业地产数据平台/实地调研,地铁TOD+实地询价
CD-C09,建设路小吃街核心区,120,200,160,25,80,0.12,2-3年,0.90,商业地产数据平台/实地调研,当地中介+实地询价
CD-C10,建设路万达广场室内,100,180,140,40,150,0.11,3-5年,0.92,商业地产数据平台/实地调研,万达招商+仲量联行
CD-C11,建设路电子科大西门,60,120,90,20,60,0.10,1-3年,0.95,商业地产数据平台/实地调研,电子科大周边商铺
CD-C12,东郊记忆商业区,80,150,115,30,100,0.12,2-5年,0.88,商业地产数据平台/实地调研,东郊记忆园区招商

注：
1. rent_min_yuan_sqm_month / rent_max_yuan_sqm_month / rent_avg_yuan_sqm_month: 商铺租金区间及均值，单位：元/㎡/月
2. available_area_min_sqm / available_area_max_sqm: 可选铺位面积区间，单位：平方米（㎡）
3. rent_to_sales_ratio: 租金销售额占比（行业参考值：15-20%为健康水平，低于15%表示租金成本可接受）
4. lease_term_years: 常见租约年限
5. cost_effectiveness_score: 租金性价比评分（0-1），综合考虑租金水平、面积灵活度、租售比

租金影响因素说明：
- 春熙路/太古里区域：顶级商圈，租金最高，但客流量和消费能力也最强
- IFS/太古里高端品牌区：租金最高，适合高端定位
- 交通枢纽型（骡马市、建设路站）：租金适中，交通便利
- 校园周边（电子科大）：租金最低，但客群特定

数据来源说明：
- 仲量联行(JLL): 国际商业地产顾问报告
- 贝壳/58同城: 商铺租赁挂牌数据
- 各大商场招商部门: 官方招商报价
- 实地调研: 实地走访询价
- 采集时间: 2024年Q4
- 备注: 以上为街区商铺租金，不含商场内部铺位（万达、IFS等室内商业需单独询价）
