table,region,year,indicator,value,unit,notes
2-8,总计,2024,人口数,1447437,人,按年龄和性别分人口数
2-8,总计,2024,男,738153,人,按年龄和性别分人口数
2-8,总计,2024,女,709284,人,按年龄和性别分人口数
2-8,总计,2024,占总人口比重,100.0,%,按年龄和性别分人口数
2-8,总计,2024,男占比重,51.0,%,按年龄和性别分人口数
2-8,总计,2024,女占比重,49.0,%,按年龄和性别分人口数
2-8,总计,2024,性别比,104.07,（女=100）,按年龄和性别分人口数
2-8,0-4岁,2024,人口数,51295,人,按年龄和性别分人口数
2-8,0-4岁,2024,男,26768,人,按年龄和性别分人口数
2-8,0-4岁,2024,女,24527,人,按年龄和性别分人口数
2-8,0-4岁,2024,占总人口比重,3.54,%,按年龄和性别分人口数
2-8,0-4岁,2024,男占比重,1.85,%,按年龄和性别分人口数
2-8,0-4岁,2024,女占比重,1.69,%,按年龄和性别分人口数
2-8,0-4岁,2024,性别比,109.14,（女=100）,按年龄和性别分人口数
2-8,5-9岁,2024,人口数,83685,人,按年龄和性别分人口数
2-8,5-9岁,2024,男,44057,人,按年龄和性别分人口数
2-8,5-9岁,2024,女,39628,人,按年龄和性别分人口数
2-8,5-9岁,2024,占总人口比重,5.78,%,按年龄和性别分人口数
2-8,5-9岁,2024,男占比重,3.04,%,按年龄和性别分人口数
2-8,5-9岁,2024,女占比重,2.74,%,按年龄和性别分人口数
2-8,5-9岁,2024,性别比,111.18,（女=100）,按年龄和性别分人口数
2-8,10-14岁,2024,人口数,93925,人,按年龄和性别分人口数
2-8,10-14岁,2024,男,50043,人,按年龄和性别分人口数
2-8,10-14岁,2024,女,43882,人,按年龄和性别分人口数
2-8,10-14岁,2024,占总人口比重,6.49,%,按年龄和性别分人口数
2-8,10-14岁,2024,男占比重,3.46,%,按年龄和性别分人口数
2-8,10-14岁,2024,女占比重,3.03,%,按年龄和性别分人口数
2-8,10-14岁,2024,性别比,114.04,（女=100）,按年龄和性别分人口数
2-8,15-19岁,2024,人口数,85925,人,按年龄和性别分人口数
2-8,15-19岁,2024,男,45958,人,按年龄和性别分人口数
2-8,15-19岁,2024,女,39967,人,按年龄和性别分人口数
2-8,15-19岁,2024,占总人口比重,5.94,%,按年龄和性别分人口数
2-8,15-19岁,2024,男占比重,3.18,%,按年龄和性别分人口数
2-8,15-19岁,2024,女占比重,2.76,%,按年龄和性别分人口数
2-8,15-19岁,2024,性别比,114.99,（女=100）,按年龄和性别分人口数
2-8,20-24岁,2024,人口数,73422,人,按年龄和性别分人口数
2-8,20-24岁,2024,男,39110,人,按年龄和性别分人口数
2-8,20-24岁,2024,女,34312,人,按年龄和性别分人口数
2-8,20-24岁,2024,占总人口比重,5.07,%,按年龄和性别分人口数
2-8,20-24岁,2024,男占比重,2.7,%,按年龄和性别分人口数
2-8,20-24岁,2024,女占比重,2.37,%,按年龄和性别分人口数
2-8,20-24岁,2024,性别比,113.98,（女=100）,按年龄和性别分人口数
2-8,25-29岁,2024,人口数,79527,人,按年龄和性别分人口数
2-8,25-29岁,2024,男,42145,人,按年龄和性别分人口数
2-8,25-29岁,2024,女,37382,人,按年龄和性别分人口数
2-8,25-29岁,2024,占总人口比重,5.49,%,按年龄和性别分人口数
2-8,25-29岁,2024,男占比重,2.91,%,按年龄和性别分人口数
2-8,25-29岁,2024,女占比重,2.58,%,按年龄和性别分人口数
2-8,25-29岁,2024,性别比,112.74,（女=100）,按年龄和性别分人口数
2-8,30-34岁,2024,人口数,101599,人,按年龄和性别分人口数
2-8,30-34岁,2024,男,53085,人,按年龄和性别分人口数
2-8,30-34岁,2024,女,48515,人,按年龄和性别分人口数
2-8,30-34岁,2024,占总人口比重,7.02,%,按年龄和性别分人口数
2-8,30-34岁,2024,男占比重,3.67,%,按年龄和性别分人口数
2-8,30-34岁,2024,女占比重,3.35,%,按年龄和性别分人口数
2-8,30-34岁,2024,性别比,109.42,（女=100）,按年龄和性别分人口数
2-8,35-39岁,2024,人口数,122172,人,按年龄和性别分人口数
2-8,35-39岁,2024,男,62704,人,按年龄和性别分人口数
2-8,35-39岁,2024,女,59468,人,按年龄和性别分人口数
2-8,35-39岁,2024,占总人口比重,8.44,%,按年龄和性别分人口数
2-8,35-39岁,2024,男占比重,4.33,%,按年龄和性别分人口数
2-8,35-39岁,2024,女占比重,4.11,%,按年龄和性别分人口数
2-8,35-39岁,2024,性别比,105.44,（女=100）,按年龄和性别分人口数
2-8,40-44岁,2024,人口数,99298,人,按年龄和性别分人口数
2-8,40-44岁,2024,男,50914,人,按年龄和性别分人口数
2-8,40-44岁,2024,女,48383,人,按年龄和性别分人口数
2-8,40-44岁,2024,占总人口比重,6.86,%,按年龄和性别分人口数
2-8,40-44岁,2024,男占比重,3.52,%,按年龄和性别分人口数
2-8,40-44岁,2024,女占比重,3.34,%,按年龄和性别分人口数
2-8,40-44岁,2024,性别比,105.23,（女=100）,按年龄和性别分人口数
2-8,45-49岁,2024,人口数,97048,人,按年龄和性别分人口数
2-8,45-49岁,2024,男,49464,人,按年龄和性别分人口数
2-8,45-49岁,2024,女,47584,人,按年龄和性别分人口数
2-8,45-49岁,2024,占总人口比重,6.7,%,按年龄和性别分人口数
2-8,45-49岁,2024,男占比重,3.42,%,按年龄和性别分人口数
2-8,45-49岁,2024,女占比重,3.29,%,按年龄和性别分人口数
2-8,45-49岁,2024,性别比,103.95,（女=100）,按年龄和性别分人口数
2-8,50-54岁,2024,人口数,120777,人,按年龄和性别分人口数
2-8,50-54岁,2024,男,61022,人,按年龄和性别分人口数
2-8,50-54岁,2024,女,59754,人,按年龄和性别分人口数
2-8,50-54岁,2024,占总人口比重,8.34,%,按年龄和性别分人口数
2-8,50-54岁,2024,男占比重,4.22,%,按年龄和性别分人口数
2-8,50-54岁,2024,女占比重,4.13,%,按年龄和性别分人口数
2-8,50-54岁,2024,性别比,102.12,（女=100）,按年龄和性别分人口数
2-8,55-59岁,2024,人口数,119381,人,按年龄和性别分人口数
2-8,55-59岁,2024,男,59674,人,按年龄和性别分人口数
2-8,55-59岁,2024,女,59707,人,按年龄和性别分人口数
2-8,55-59岁,2024,占总人口比重,8.25,%,按年龄和性别分人口数
2-8,55-59岁,2024,男占比重,4.12,%,按年龄和性别分人口数
2-8,55-59岁,2024,女占比重,4.13,%,按年龄和性别分人口数
2-8,55-59岁,2024,性别比,99.94,（女=100）,按年龄和性别分人口数
2-8,60-64岁,2024,人口数,92711,人,按年龄和性别分人口数
2-8,60-64岁,2024,男,45806,人,按年龄和性别分人口数
2-8,60-64岁,2024,女,46905,人,按年龄和性别分人口数
2-8,60-64岁,2024,占总人口比重,6.41,%,按年龄和性别分人口数
2-8,60-64岁,2024,男占比重,3.16,%,按年龄和性别分人口数
2-8,60-64岁,2024,女占比重,3.24,%,按年龄和性别分人口数
2-8,60-64岁,2024,性别比,97.66,（女=100）,按年龄和性别分人口数
2-8,65-69岁,2024,人口数,74494,人,按年龄和性别分人口数
2-8,65-69岁,2024,男,36794,人,按年龄和性别分人口数
2-8,65-69岁,2024,女,37700,人,按年龄和性别分人口数
2-8,65-69岁,2024,占总人口比重,5.15,%,按年龄和性别分人口数
2-8,65-69岁,2024,男占比重,2.54,%,按年龄和性别分人口数
2-8,65-69岁,2024,女占比重,2.6,%,按年龄和性别分人口数
2-8,65-69岁,2024,性别比,97.6,（女=100）,按年龄和性别分人口数
2-8,70-74岁,2024,人口数,66801,人,按年龄和性别分人口数
2-8,70-74岁,2024,男,31937,人,按年龄和性别分人口数
2-8,70-74岁,2024,女,34864,人,按年龄和性别分人口数
2-8,70-74岁,2024,占总人口比重,4.62,%,按年龄和性别分人口数
2-8,70-74岁,2024,男占比重,2.21,%,按年龄和性别分人口数
2-8,70-74岁,2024,女占比重,2.41,%,按年龄和性别分人口数
2-8,70-74岁,2024,性别比,91.6,（女=100）,按年龄和性别分人口数
2-8,75-79岁,2024,人口数,41697,人,按年龄和性别分人口数
2-8,75-79岁,2024,男,19668,人,按年龄和性别分人口数
2-8,75-79岁,2024,女,22029,人,按年龄和性别分人口数
2-8,75-79岁,2024,占总人口比重,2.88,%,按年龄和性别分人口数
2-8,75-79岁,2024,男占比重,1.36,%,按年龄和性别分人口数
2-8,75-79岁,2024,女占比重,1.52,%,按年龄和性别分人口数
2-8,75-79岁,2024,性别比,89.28,（女=100）,按年龄和性别分人口数
2-8,80-84岁,2024,人口数,24282,人,按年龄和性别分人口数
2-8,80-84岁,2024,男,10997,人,按年龄和性别分人口数
2-8,80-84岁,2024,女,13285,人,按年龄和性别分人口数
2-8,80-84岁,2024,占总人口比重,1.68,%,按年龄和性别分人口数
2-8,80-84岁,2024,男占比重,0.76,%,按年龄和性别分人口数
2-8,80-84岁,2024,女占比重,0.92,%,按年龄和性别分人口数
2-8,80-84岁,2024,性别比,82.78,（女=100）,按年龄和性别分人口数
2-8,85-89岁,2024,人口数,13336,人,按年龄和性别分人口数
2-8,85-89岁,2024,男,5661,人,按年龄和性别分人口数
2-8,85-89岁,2024,女,7675,人,按年龄和性别分人口数
2-8,85-89岁,2024,占总人口比重,0.92,%,按年龄和性别分人口数
2-8,85-89岁,2024,男占比重,0.39,%,按年龄和性别分人口数
2-8,85-89岁,2024,女占比重,0.53,%,按年龄和性别分人口数
2-8,85-89岁,2024,性别比,73.76,（女=100）,按年龄和性别分人口数
2-8,90-94岁,2024,人口数,4999,人,按年龄和性别分人口数
2-8,90-94岁,2024,男,2004,人,按年龄和性别分人口数
2-8,90-94岁,2024,女,2995,人,按年龄和性别分人口数
2-8,90-94岁,2024,占总人口比重,0.35,%,按年龄和性别分人口数
2-8,90-94岁,2024,男占比重,0.14,%,按年龄和性别分人口数
2-8,90-94岁,2024,女占比重,0.21,%,按年龄和性别分人口数
2-8,90-94岁,2024,性别比,66.91,（女=100）,按年龄和性别分人口数
2-8,95岁及以上,2024,人口数,1062,人,按年龄和性别分人口数
2-8,95岁及以上,2024,男,341,人,按年龄和性别分人口数
2-8,95岁及以上,2024,女,720,人,按年龄和性别分人口数
2-8,95岁及以上,2024,占总人口比重,0.07,%,按年龄和性别分人口数
2-8,95岁及以上,2024,男占比重,0.02,%,按年龄和性别分人口数
2-8,95岁及以上,2024,女占比重,0.05,%,按年龄和性别分人口数
2-8,95岁及以上,2024,性别比,47.36,（女=100）,按年龄和性别分人口数
